<?xml version="1.0" encoding="UTF-8" ?>
<ODM xmlns="http://www.cdisc.org/ns/odm/v1.3" xmlns:ds="http://www.w3.org/2000/09/xmldsig#" xmlns:xsi="http://www.w3.org/2001/XMLSchema-instance" xmlns:redcap="https://projectredcap.org" xsi:schemaLocation="http://www.cdisc.org/ns/odm/v1.3 schema/odm/ODM1-3-1.xsd" ODMVersion="1.3.1" FileOID="000-00-0000" FileType="Snapshot" Description="Exercise 02: Making a medical questionnaire" AsOfDateTime="2023-08-07T15:09:03" CreationDateTime="2023-08-07T15:09:03" SourceSystem="REDCap" SourceSystemVersion="13.8.4">
<Study OID="Project.Exercise02MakingAMedicalQuesti">
<GlobalVariables>
	<StudyName>Exercise 02: Making a medical questionnaire</StudyName>
	<StudyDescription>This file contains the metadata, events, and data for REDCap project "Exercise 02: Making a medical questionnaire".</StudyDescription>
	<ProtocolName>Exercise 02: Making a medical questionnaire</ProtocolName>
	<redcap:RecordAutonumberingEnabled>1</redcap:RecordAutonumberingEnabled>
	<redcap:CustomRecordLabel></redcap:CustomRecordLabel>
	<redcap:SecondaryUniqueField></redcap:SecondaryUniqueField>
	<redcap:SchedulingEnabled>0</redcap:SchedulingEnabled>
	<redcap:SurveysEnabled>1</redcap:SurveysEnabled>
	<redcap:SurveyInvitationEmailField></redcap:SurveyInvitationEmailField>
	<redcap:DisplayTodayNowButton>1</redcap:DisplayTodayNowButton>
	<redcap:PreventBranchingEraseValues>0</redcap:PreventBranchingEraseValues>
	<redcap:RequireChangeReason>0</redcap:RequireChangeReason>
	<redcap:DataHistoryPopup>1</redcap:DataHistoryPopup>
	<redcap:OrderRecordsByField></redcap:OrderRecordsByField>
	<redcap:MyCapEnabled>0</redcap:MyCapEnabled>
	<redcap:Purpose>0</redcap:Purpose>
	<redcap:PurposeOther></redcap:PurposeOther>
	<redcap:ProjectNotes>In this project, you&#039;ll learn how to make a REDCap questionnaire, to ask patients about their doctors visits.</redcap:ProjectNotes>
	<redcap:MissingDataCodes></redcap:MissingDataCodes>
	<redcap:ProtectedEmailMode>0</redcap:ProtectedEmailMode>
	<redcap:ProtectedEmailModeCustomText></redcap:ProtectedEmailModeCustomText>
	<redcap:ProtectedEmailModeTrigger>ALL</redcap:ProtectedEmailModeTrigger>
	<redcap:ProtectedEmailModeLogo></redcap:ProtectedEmailModeLogo>
</GlobalVariables>
<MetaDataVersion OID="Metadata.Exercise02MakingAMedicalQuesti_2023-08-07_1509" Name="Exercise 02: Making a medical questionnaire" redcap:RecordIdField="record_id">
	<FormDef OID="Form.form_1" Name="Form 1" Repeating="No" redcap:FormName="form_1">
		<ItemGroupRef ItemGroupOID="form_1.record_id" Mandatory="No"/>
		<ItemGroupRef ItemGroupOID="form_1.form_1_complete" Mandatory="No"/>
	</FormDef>
	<ItemGroupDef OID="form_1.record_id" Name="Form 1" Repeating="No">
		<ItemRef ItemOID="record_id" Mandatory="No" redcap:Variable="record_id"/>
	</ItemGroupDef>
	<ItemGroupDef OID="form_1.form_1_complete" Name="Form Status" Repeating="No">
		<ItemRef ItemOID="form_1_complete" Mandatory="No" redcap:Variable="form_1_complete"/>
	</ItemGroupDef>
	<ItemDef OID="record_id" Name="record_id" DataType="text" Length="999" redcap:Variable="record_id" redcap:FieldType="text">
		<Question><TranslatedText>Record ID</TranslatedText></Question>
	</ItemDef>
	<ItemDef OID="form_1_complete" Name="form_1_complete" DataType="text" Length="1" redcap:Variable="form_1_complete" redcap:FieldType="select" redcap:SectionHeader="Form Status">
		<Question><TranslatedText>Complete?</TranslatedText></Question>
		<CodeListRef CodeListOID="form_1_complete.choices"/>
	</ItemDef>
	<CodeList OID="form_1_complete.choices" Name="form_1_complete" DataType="text" redcap:Variable="form_1_complete">
		<CodeListItem CodedValue="0"><Decode><TranslatedText>Incomplete</TranslatedText></Decode></CodeListItem>
		<CodeListItem CodedValue="1"><Decode><TranslatedText>Unverified</TranslatedText></Decode></CodeListItem>
		<CodeListItem CodedValue="2"><Decode><TranslatedText>Complete</TranslatedText></Decode></CodeListItem>
	</CodeList>
</MetaDataVersion>
</Study>
<ClinicalData StudyOID="Project.Exercise02MakingAMedicalQuesti" MetaDataVersionOID="Metadata.Exercise02MakingAMedicalQuesti_2023-08-07_1509">
</ClinicalData>
</ODM>