<?xml version="1.0" encoding="UTF-8" ?>
<ODM xmlns="http://www.cdisc.org/ns/odm/v1.3" xmlns:ds="http://www.w3.org/2000/09/xmldsig#" xmlns:xsi="http://www.w3.org/2001/XMLSchema-instance" xmlns:redcap="https://projectredcap.org" xsi:schemaLocation="http://www.cdisc.org/ns/odm/v1.3 schema/odm/ODM1-3-1.xsd" ODMVersion="1.3.1" FileOID="000-00-0000" FileType="Snapshot" Description="Exercise 03: Making a medical questionnaire (2)" AsOfDateTime="2023-08-08T14:59:32" CreationDateTime="2023-08-08T14:59:32" SourceSystem="REDCap" SourceSystemVersion="13.8.4">
<Study OID="Project.Exercise03MakingAMedicalQuesti">
<GlobalVariables>
	<StudyName>Exercise 03: Making a medical questionnaire (2)</StudyName>
	<StudyDescription>This file contains the metadata, events, and data for REDCap project "Exercise 03: Making a medical questionnaire (2)".</StudyDescription>
	<ProtocolName>Exercise 03: Making a medical questionnaire (2)</ProtocolName>
	<redcap:RecordAutonumberingEnabled>1</redcap:RecordAutonumberingEnabled>
	<redcap:CustomRecordLabel></redcap:CustomRecordLabel>
	<redcap:SecondaryUniqueField></redcap:SecondaryUniqueField>
	<redcap:SchedulingEnabled>0</redcap:SchedulingEnabled>
	<redcap:SurveysEnabled>1</redcap:SurveysEnabled>
	<redcap:SurveyInvitationEmailField></redcap:SurveyInvitationEmailField>
	<redcap:DisplayTodayNowButton>1</redcap:DisplayTodayNowButton>
	<redcap:PreventBranchingEraseValues>0</redcap:PreventBranchingEraseValues>
	<redcap:RequireChangeReason>0</redcap:RequireChangeReason>
	<redcap:DataHistoryPopup>1</redcap:DataHistoryPopup>
	<redcap:OrderRecordsByField></redcap:OrderRecordsByField>
	<redcap:MyCapEnabled>0</redcap:MyCapEnabled>
	<redcap:Purpose>0</redcap:Purpose>
	<redcap:PurposeOther></redcap:PurposeOther>
	<redcap:ProjectNotes>In this project, you&#039;ll learn how to make a REDCap questionnaire, to ask patients about their doctors visits.</redcap:ProjectNotes>
	<redcap:MissingDataCodes></redcap:MissingDataCodes>
	<redcap:ProtectedEmailMode>0</redcap:ProtectedEmailMode>
	<redcap:ProtectedEmailModeCustomText></redcap:ProtectedEmailModeCustomText>
	<redcap:ProtectedEmailModeTrigger>ALL</redcap:ProtectedEmailModeTrigger>
	<redcap:ProtectedEmailModeLogo></redcap:ProtectedEmailModeLogo>
</GlobalVariables>
<MetaDataVersion OID="Metadata.Exercise03MakingAMedicalQuesti_2023-08-08_1459" Name="Exercise 03: Making a medical questionnaire (2)" redcap:RecordIdField="patient_id">
	<FormDef OID="Form.patient_information" Name="Patient information" Repeating="No" redcap:FormName="patient_information">
		<ItemGroupRef ItemGroupOID="patient_information.patient_id" Mandatory="No"/>
		<ItemGroupRef ItemGroupOID="patient_information.patient_information_complete" Mandatory="No"/>
	</FormDef>
	<FormDef OID="Form.doctor_visit_form" Name="Doctor visit form" Repeating="No" redcap:FormName="doctor_visit_form">
		<ItemGroupRef ItemGroupOID="doctor_visit_form.visit_date" Mandatory="No"/>
		<ItemGroupRef ItemGroupOID="doctor_visit_form.doctor_visit_form_complete" Mandatory="No"/>
	</FormDef>
	<ItemGroupDef OID="patient_information.patient_id" Name="Patient information" Repeating="No">
		<ItemRef ItemOID="patient_id" Mandatory="No" redcap:Variable="patient_id"/>
		<ItemRef ItemOID="patient_first_name" Mandatory="No" redcap:Variable="patient_first_name"/>
		<ItemRef ItemOID="patient_last_name" Mandatory="No" redcap:Variable="patient_last_name"/>
	</ItemGroupDef>
	<ItemGroupDef OID="patient_information.patient_information_complete" Name="Form Status" Repeating="No">
		<ItemRef ItemOID="patient_information_complete" Mandatory="No" redcap:Variable="patient_information_complete"/>
	</ItemGroupDef>
	<ItemGroupDef OID="doctor_visit_form.visit_date" Name="Doctor visit form" Repeating="No">
		<ItemRef ItemOID="visit_date" Mandatory="No" redcap:Variable="visit_date"/>
	</ItemGroupDef>
	<ItemGroupDef OID="doctor_visit_form.doctor_visit_form_complete" Name="Form Status" Repeating="No">
		<ItemRef ItemOID="doctor_visit_form_complete" Mandatory="No" redcap:Variable="doctor_visit_form_complete"/>
	</ItemGroupDef>
	<ItemDef OID="patient_id" Name="patient_id" DataType="text" Length="999" redcap:Variable="patient_id" redcap:FieldType="text">
		<Question><TranslatedText>Patient ID</TranslatedText></Question>
	</ItemDef>
	<ItemDef OID="patient_first_name" Name="patient_first_name" DataType="text" Length="999" redcap:Variable="patient_first_name" redcap:FieldType="text">
		<Question><TranslatedText>Patient first name</TranslatedText></Question>
	</ItemDef>
	<ItemDef OID="patient_last_name" Name="patient_last_name" DataType="text" Length="999" redcap:Variable="patient_last_name" redcap:FieldType="text">
		<Question><TranslatedText>Patient last name</TranslatedText></Question>
	</ItemDef>
	<ItemDef OID="patient_information_complete" Name="patient_information_complete" DataType="text" Length="1" redcap:Variable="patient_information_complete" redcap:FieldType="select" redcap:SectionHeader="Form Status">
		<Question><TranslatedText>Complete?</TranslatedText></Question>
		<CodeListRef CodeListOID="patient_information_complete.choices"/>
	</ItemDef>
	<ItemDef OID="visit_date" Name="visit_date" DataType="text" Length="999" redcap:Variable="visit_date" redcap:FieldType="text">
		<Question><TranslatedText>Date of doctors visit</TranslatedText></Question>
	</ItemDef>
	<ItemDef OID="doctor_visit_form_complete" Name="doctor_visit_form_complete" DataType="text" Length="1" redcap:Variable="doctor_visit_form_complete" redcap:FieldType="select" redcap:SectionHeader="Form Status">
		<Question><TranslatedText>Complete?</TranslatedText></Question>
		<CodeListRef CodeListOID="doctor_visit_form_complete.choices"/>
	</ItemDef>
	<CodeList OID="patient_information_complete.choices" Name="patient_information_complete" DataType="text" redcap:Variable="patient_information_complete">
		<CodeListItem CodedValue="0"><Decode><TranslatedText>Incomplete</TranslatedText></Decode></CodeListItem>
		<CodeListItem CodedValue="1"><Decode><TranslatedText>Unverified</TranslatedText></Decode></CodeListItem>
		<CodeListItem CodedValue="2"><Decode><TranslatedText>Complete</TranslatedText></Decode></CodeListItem>
	</CodeList>
	<CodeList OID="doctor_visit_form_complete.choices" Name="doctor_visit_form_complete" DataType="text" redcap:Variable="doctor_visit_form_complete">
		<CodeListItem CodedValue="0"><Decode><TranslatedText>Incomplete</TranslatedText></Decode></CodeListItem>
		<CodeListItem CodedValue="1"><Decode><TranslatedText>Unverified</TranslatedText></Decode></CodeListItem>
		<CodeListItem CodedValue="2"><Decode><TranslatedText>Complete</TranslatedText></Decode></CodeListItem>
	</CodeList>
</MetaDataVersion>
</Study>
<ClinicalData StudyOID="Project.Exercise03MakingAMedicalQuesti" MetaDataVersionOID="Metadata.Exercise03MakingAMedicalQuesti_2023-08-08_1459">
</ClinicalData>
</ODM>