<?xml version="1.0" encoding="UTF-8" ?>
<ODM xmlns="http://www.cdisc.org/ns/odm/v1.3" xmlns:ds="http://www.w3.org/2000/09/xmldsig#" xmlns:xsi="http://www.w3.org/2001/XMLSchema-instance" xmlns:redcap="https://projectredcap.org" xsi:schemaLocation="http://www.cdisc.org/ns/odm/v1.3 schema/odm/ODM1-3-1.xsd" ODMVersion="1.3.1" FileOID="000-00-0000" FileType="Snapshot" Description="Exercise 06: Making a medical questionnaire (5)" AsOfDateTime="2023-08-09T15:59:52" CreationDateTime="2023-08-09T15:59:52" SourceSystem="REDCap" SourceSystemVersion="13.8.4">
<Study OID="Project.Exercise06MakingAMedicalQuesti">
<GlobalVariables>
	<StudyName>Exercise 06: Making a medical questionnaire (5)</StudyName>
	<StudyDescription>This file contains the metadata, events, and data for REDCap project "Exercise 06: Making a medical questionnaire (5)".</StudyDescription>
	<ProtocolName>Exercise 06: Making a medical questionnaire (5)</ProtocolName>
	<redcap:RecordAutonumberingEnabled>1</redcap:RecordAutonumberingEnabled>
	<redcap:CustomRecordLabel></redcap:CustomRecordLabel>
	<redcap:SecondaryUniqueField></redcap:SecondaryUniqueField>
	<redcap:SchedulingEnabled>0</redcap:SchedulingEnabled>
	<redcap:SurveysEnabled>1</redcap:SurveysEnabled>
	<redcap:SurveyInvitationEmailField></redcap:SurveyInvitationEmailField>
	<redcap:DisplayTodayNowButton>1</redcap:DisplayTodayNowButton>
	<redcap:PreventBranchingEraseValues>0</redcap:PreventBranchingEraseValues>
	<redcap:RequireChangeReason>0</redcap:RequireChangeReason>
	<redcap:DataHistoryPopup>1</redcap:DataHistoryPopup>
	<redcap:OrderRecordsByField></redcap:OrderRecordsByField>
	<redcap:MyCapEnabled>0</redcap:MyCapEnabled>
	<redcap:Purpose>0</redcap:Purpose>
	<redcap:PurposeOther></redcap:PurposeOther>
	<redcap:ProjectNotes>In this project, you&#039;ll learn how to make a REDCap questionnaire, to ask patients about their doctors visits.</redcap:ProjectNotes>
	<redcap:MissingDataCodes></redcap:MissingDataCodes>
	<redcap:ProtectedEmailMode>0</redcap:ProtectedEmailMode>
	<redcap:ProtectedEmailModeCustomText></redcap:ProtectedEmailModeCustomText>
	<redcap:ProtectedEmailModeTrigger>ALL</redcap:ProtectedEmailModeTrigger>
	<redcap:ProtectedEmailModeLogo></redcap:ProtectedEmailModeLogo>
</GlobalVariables>
<MetaDataVersion OID="Metadata.Exercise06MakingAMedicalQuesti_2023-08-09_1559" Name="Exercise 06: Making a medical questionnaire (5)" redcap:RecordIdField="patient_id">
	<FormDef OID="Form.patient_information" Name="Patient information" Repeating="No" redcap:FormName="patient_information">
		<ItemGroupRef ItemGroupOID="patient_information.patient_id" Mandatory="No"/>
		<ItemGroupRef ItemGroupOID="patient_information.patient_information_complete" Mandatory="No"/>
	</FormDef>
	<FormDef OID="Form.doctor_visit_form" Name="Doctor visit form" Repeating="No" redcap:FormName="doctor_visit_form">
		<ItemGroupRef ItemGroupOID="doctor_visit_form.visit_date" Mandatory="No"/>
		<ItemGroupRef ItemGroupOID="doctor_visit_form.visit_nausea" Mandatory="No"/>
		<ItemGroupRef ItemGroupOID="doctor_visit_form.visit_headache" Mandatory="No"/>
		<ItemGroupRef ItemGroupOID="doctor_visit_form.visit_prescr_medicine" Mandatory="No"/>
		<ItemGroupRef ItemGroupOID="doctor_visit_form.visit_prescr_other" Mandatory="No"/>
		<ItemGroupRef ItemGroupOID="doctor_visit_form.doctor_visit_form_complete" Mandatory="No"/>
	</FormDef>
	<FormDef OID="Form.health_assessment_form" Name="Health assessment form" Repeating="No" redcap:FormName="health_assessment_form">
		<ItemGroupRef ItemGroupOID="health_assessment_form.health_overall" Mandatory="No"/>
		<ItemGroupRef ItemGroupOID="health_assessment_form.health_assessment_form_complete" Mandatory="No"/>
	</FormDef>
	<ItemGroupDef OID="patient_information.patient_id" Name="Patient information" Repeating="No">
		<ItemRef ItemOID="patient_id" Mandatory="No" redcap:Variable="patient_id"/>
		<ItemRef ItemOID="patient_first_name" Mandatory="No" redcap:Variable="patient_first_name"/>
		<ItemRef ItemOID="patient_last_name" Mandatory="No" redcap:Variable="patient_last_name"/>
		<ItemRef ItemOID="patient_email" Mandatory="No" redcap:Variable="patient_email"/>
		<ItemRef ItemOID="patient_doctor_visits" Mandatory="No" redcap:Variable="patient_doctor_visits"/>
		<ItemRef ItemOID="patient_birthdate" Mandatory="No" redcap:Variable="patient_birthdate"/>
	</ItemGroupDef>
	<ItemGroupDef OID="patient_information.patient_information_complete" Name="Form Status" Repeating="No">
		<ItemRef ItemOID="patient_information_complete" Mandatory="No" redcap:Variable="patient_information_complete"/>
	</ItemGroupDef>
	<ItemGroupDef OID="doctor_visit_form.visit_date" Name="Doctor visit form" Repeating="No">
		<ItemRef ItemOID="visit_date" Mandatory="No" redcap:Variable="visit_date"/>
		<ItemRef ItemOID="visit_description_symptoms" Mandatory="No" redcap:Variable="visit_description_symptoms"/>
	</ItemGroupDef>
	<ItemGroupDef OID="doctor_visit_form.visit_nausea" Name="Evaluate the severity of the following symptoms:" Repeating="No">
		<ItemRef ItemOID="visit_nausea" Mandatory="No" redcap:Variable="visit_nausea"/>
	</ItemGroupDef>
	<ItemGroupDef OID="doctor_visit_form.visit_headache" Name="Doctor visit form" Repeating="No">
		<ItemRef ItemOID="visit_headache" Mandatory="No" redcap:Variable="visit_headache"/>
		<ItemRef ItemOID="visit_stomach_ache" Mandatory="No" redcap:Variable="visit_stomach_ache"/>
		<ItemRef ItemOID="visit_musche_sore" Mandatory="No" redcap:Variable="visit_musche_sore"/>
		<ItemRef ItemOID="visit_muscle_stiff" Mandatory="No" redcap:Variable="visit_muscle_stiff"/>
		<ItemRef ItemOID="visit_fever" Mandatory="No" redcap:Variable="visit_fever"/>
	</ItemGroupDef>
	<ItemGroupDef OID="doctor_visit_form.visit_prescr_medicine" Name="Information about prescribed treatment." Repeating="No">
		<ItemRef ItemOID="visit_prescr_medicine" Mandatory="No" redcap:Variable="visit_prescr_medicine"/>
	</ItemGroupDef>
	<ItemGroupDef OID="doctor_visit_form.visit_prescr_other" Name="Doctor visit form" Repeating="No">
		<ItemRef ItemOID="visit_prescr_other" Mandatory="No" redcap:Variable="visit_prescr_other"/>
		<ItemRef ItemOID="visit_medicine_dosage" Mandatory="No" redcap:Variable="visit_medicine_dosage"/>
		<ItemRef ItemOID="visit_medication_frequency" Mandatory="No" redcap:Variable="visit_medication_frequency"/>
		<ItemRef ItemOID="visit_dosage_per_week" Mandatory="No" redcap:Variable="visit_dosage_per_week"/>
	</ItemGroupDef>
	<ItemGroupDef OID="doctor_visit_form.doctor_visit_form_complete" Name="Form Status" Repeating="No">
		<ItemRef ItemOID="doctor_visit_form_complete" Mandatory="No" redcap:Variable="doctor_visit_form_complete"/>
	</ItemGroupDef>
	<ItemGroupDef OID="health_assessment_form.health_overall" Name="Health assessment form" Repeating="No">
		<ItemRef ItemOID="health_overall" Mandatory="No" redcap:Variable="health_overall"/>
		<ItemRef ItemOID="health_medicine_effect" Mandatory="No" redcap:Variable="health_medicine_effect"/>
		<ItemRef ItemOID="health_side_effects___1" Mandatory="No" redcap:Variable="health_side_effects"/>
		<ItemRef ItemOID="health_side_effects___2" Mandatory="No" redcap:Variable="health_side_effects"/>
		<ItemRef ItemOID="health_side_effects___3" Mandatory="No" redcap:Variable="health_side_effects"/>
		<ItemRef ItemOID="health_side_effects___4" Mandatory="No" redcap:Variable="health_side_effects"/>
		<ItemRef ItemOID="health_side_effects___5" Mandatory="No" redcap:Variable="health_side_effects"/>
	</ItemGroupDef>
	<ItemGroupDef OID="health_assessment_form.health_assessment_form_complete" Name="Form Status" Repeating="No">
		<ItemRef ItemOID="health_assessment_form_complete" Mandatory="No" redcap:Variable="health_assessment_form_complete"/>
	</ItemGroupDef>
	<ItemDef OID="patient_id" Name="patient_id" DataType="text" Length="999" redcap:Variable="patient_id" redcap:FieldType="text">
		<Question><TranslatedText>Patient ID</TranslatedText></Question>
	</ItemDef>
	<ItemDef OID="patient_first_name" Name="patient_first_name" DataType="text" Length="999" redcap:Variable="patient_first_name" redcap:FieldType="text">
		<Question><TranslatedText>Patient first name</TranslatedText></Question>
	</ItemDef>
	<ItemDef OID="patient_last_name" Name="patient_last_name" DataType="text" Length="999" redcap:Variable="patient_last_name" redcap:FieldType="text">
		<Question><TranslatedText>Patient last name</TranslatedText></Question>
	</ItemDef>
	<ItemDef OID="patient_email" Name="patient_email" DataType="text" Length="999" redcap:Variable="patient_email" redcap:FieldType="text" redcap:TextValidationType="email">
		<Question><TranslatedText>Patient contact email address</TranslatedText></Question>
	</ItemDef>
	<ItemDef OID="patient_doctor_visits" Name="patient_doctor_visits" DataType="integer" Length="999" redcap:Variable="patient_doctor_visits" redcap:FieldType="text" redcap:TextValidationType="int">
		<Question><TranslatedText>How often did the patient visit a doctor in the last 12 months?</TranslatedText></Question>
		<RangeCheck Comparator="GE" SoftHard="Soft">
			<CheckValue>0</CheckValue>
			<ErrorMessage><TranslatedText>The value you provided is outside the suggested range (0 - no limit). This value is admissible, but you may wish to double check it.</TranslatedText></ErrorMessage>
		</RangeCheck>
	</ItemDef>
	<ItemDef OID="patient_birthdate" Name="patient_birthdate" DataType="date" Length="999" redcap:Variable="patient_birthdate" redcap:FieldType="text" redcap:TextValidationType="date_dmy">
		<Question><TranslatedText>Date of birth of the patient</TranslatedText></Question>
		<RangeCheck Comparator="GE" SoftHard="Soft">
			<CheckValue>1900-01-01</CheckValue>
			<ErrorMessage><TranslatedText>The value you provided is outside the suggested range (1900-01-01 - 2004-12-31). This value is admissible, but you may wish to double check it.</TranslatedText></ErrorMessage>
		</RangeCheck>
		<RangeCheck Comparator="LE" SoftHard="Soft">
			<CheckValue>2004-12-31</CheckValue>
			<ErrorMessage><TranslatedText>The value you provided is outside the suggested range (1900-01-01 - 2004-12-31). This value is admissible, but you may wish to double check it.</TranslatedText></ErrorMessage>
		</RangeCheck>
	</ItemDef>
	<ItemDef OID="patient_information_complete" Name="patient_information_complete" DataType="text" Length="1" redcap:Variable="patient_information_complete" redcap:FieldType="select" redcap:SectionHeader="Form Status">
		<Question><TranslatedText>Complete?</TranslatedText></Question>
		<CodeListRef CodeListOID="patient_information_complete.choices"/>
	</ItemDef>
	<ItemDef OID="visit_date" Name="visit_date" DataType="date" Length="999" redcap:Variable="visit_date" redcap:FieldType="text" redcap:TextValidationType="date_dmy">
		<Question><TranslatedText>Date of doctors visit</TranslatedText></Question>
		<RangeCheck Comparator="GE" SoftHard="Soft">
			<CheckValue>2023-01-01</CheckValue>
			<ErrorMessage><TranslatedText>The value you provided is outside the suggested range (2023-01-01 - no limit). This value is admissible, but you may wish to double check it.</TranslatedText></ErrorMessage>
		</RangeCheck>
	</ItemDef>
	<ItemDef OID="visit_description_symptoms" Name="visit_description_symptoms" DataType="text" Length="999" redcap:Variable="visit_description_symptoms" redcap:FieldType="textarea">
		<Question><TranslatedText>In the patient&#039;s own words, what are the experienced symptoms?</TranslatedText></Question>
	</ItemDef>
	<ItemDef OID="visit_nausea" Name="visit_nausea" DataType="text" Length="1" redcap:Variable="visit_nausea" redcap:FieldType="radio" redcap:SectionHeader="Evaluate the severity of the following symptoms:" redcap:MatrixGroupName="visit_symptom_severity">
		<Question><TranslatedText>Nausea</TranslatedText></Question>
		<CodeListRef CodeListOID="visit_nausea.choices"/>
	</ItemDef>
	<ItemDef OID="visit_headache" Name="visit_headache" DataType="text" Length="1" redcap:Variable="visit_headache" redcap:FieldType="radio" redcap:MatrixGroupName="visit_symptom_severity">
		<Question><TranslatedText>Headache</TranslatedText></Question>
		<CodeListRef CodeListOID="visit_headache.choices"/>
	</ItemDef>
	<ItemDef OID="visit_stomach_ache" Name="visit_stomach_ache" DataType="text" Length="1" redcap:Variable="visit_stomach_ache" redcap:FieldType="radio" redcap:MatrixGroupName="visit_symptom_severity">
		<Question><TranslatedText>Stomach ache</TranslatedText></Question>
		<CodeListRef CodeListOID="visit_stomach_ache.choices"/>
	</ItemDef>
	<ItemDef OID="visit_musche_sore" Name="visit_musche_sore" DataType="text" Length="1" redcap:Variable="visit_musche_sore" redcap:FieldType="radio" redcap:MatrixGroupName="visit_symptom_severity">
		<Question><TranslatedText>Soreness of muscles</TranslatedText></Question>
		<CodeListRef CodeListOID="visit_musche_sore.choices"/>
	</ItemDef>
	<ItemDef OID="visit_muscle_stiff" Name="visit_muscle_stiff" DataType="text" Length="1" redcap:Variable="visit_muscle_stiff" redcap:FieldType="radio" redcap:MatrixGroupName="visit_symptom_severity">
		<Question><TranslatedText>Stiffness of muscles</TranslatedText></Question>
		<CodeListRef CodeListOID="visit_muscle_stiff.choices"/>
	</ItemDef>
	<ItemDef OID="visit_fever" Name="visit_fever" DataType="text" Length="1" redcap:Variable="visit_fever" redcap:FieldType="radio" redcap:MatrixGroupName="visit_symptom_severity">
		<Question><TranslatedText>Fever</TranslatedText></Question>
		<CodeListRef CodeListOID="visit_fever.choices"/>
	</ItemDef>
	<ItemDef OID="visit_prescr_medicine" Name="visit_prescr_medicine" DataType="text" Length="1" redcap:Variable="visit_prescr_medicine" redcap:FieldType="radio" redcap:SectionHeader="Information about prescribed treatment.">
		<Question><TranslatedText>What medicine is prescribed to treat the patient?</TranslatedText></Question>
		<CodeListRef CodeListOID="visit_prescr_medicine.choices"/>
	</ItemDef>
	<ItemDef OID="visit_prescr_other" Name="visit_prescr_other" DataType="text" Length="999" redcap:Variable="visit_prescr_other" redcap:FieldType="text" redcap:BranchingLogic="[visit_prescr_medicine]=&#039;5&#039;">
		<Question><TranslatedText>If other, which?</TranslatedText></Question>
	</ItemDef>
	<ItemDef OID="visit_medicine_dosage" Name="visit_medicine_dosage" DataType="float" Length="999" SignificantDigits="1" redcap:Variable="visit_medicine_dosage" redcap:FieldType="text" redcap:TextValidationType="float" redcap:FieldNote="[mg]">
		<Question><TranslatedText>Provide the dosage of the active component of the medicine</TranslatedText></Question>
		<RangeCheck Comparator="GE" SoftHard="Soft">
			<CheckValue>1</CheckValue>
			<ErrorMessage><TranslatedText>The value you provided is outside the suggested range (1 - no limit). This value is admissible, but you may wish to double check it.</TranslatedText></ErrorMessage>
		</RangeCheck>
	</ItemDef>
	<ItemDef OID="visit_medication_frequency" Name="visit_medication_frequency" DataType="integer" Length="999" redcap:Variable="visit_medication_frequency" redcap:FieldType="text" redcap:TextValidationType="int" redcap:FieldNote="[Doses/week]">
		<Question><TranslatedText>Provide the frequency of medication useage</TranslatedText></Question>
		<RangeCheck Comparator="GE" SoftHard="Soft">
			<CheckValue>1</CheckValue>
			<ErrorMessage><TranslatedText>The value you provided is outside the suggested range (1 - no limit). This value is admissible, but you may wish to double check it.</TranslatedText></ErrorMessage>
		</RangeCheck>
	</ItemDef>
	<ItemDef OID="visit_dosage_per_week" Name="visit_dosage_per_week" DataType="float" Length="999" redcap:Variable="visit_dosage_per_week" redcap:FieldType="calc" redcap:Calculation="[visit_medicine_dosage]*[visit_medication_frequency]" redcap:FieldAnnotation="@HIDDEN">
		<Question><TranslatedText>Total dosage per week</TranslatedText></Question>
	</ItemDef>
	<ItemDef OID="doctor_visit_form_complete" Name="doctor_visit_form_complete" DataType="text" Length="1" redcap:Variable="doctor_visit_form_complete" redcap:FieldType="select" redcap:SectionHeader="Form Status">
		<Question><TranslatedText>Complete?</TranslatedText></Question>
		<CodeListRef CodeListOID="doctor_visit_form_complete.choices"/>
	</ItemDef>
	<ItemDef OID="health_overall" Name="health_overall" DataType="integer" Length="999" redcap:Variable="health_overall" redcap:FieldType="slider" redcap:SliderLabels="Worst possible health |  | Best possible health" redcap:CustomAlignment="RH">
		<Question><TranslatedText>Evaluate how healthy you are feeling, with 10 indicating best possible health, and 0 indicating worst possible health.</TranslatedText></Question>
	</ItemDef>
	<ItemDef OID="health_medicine_effect" Name="health_medicine_effect" DataType="boolean" Length="1" redcap:Variable="health_medicine_effect" redcap:FieldType="yesno" redcap:CustomAlignment="RH">
		<Question><TranslatedText>Do you feel the medicine is helping to improve your health?</TranslatedText></Question>
		<CodeListRef CodeListOID="health_medicine_effect.choices"/>
	</ItemDef>
	<ItemDef OID="health_side_effects___1" Name="health_side_effects___1" DataType="boolean" Length="1" redcap:Variable="health_side_effects" redcap:FieldType="checkbox" redcap:CustomAlignment="RH">
		<Question><TranslatedText>Do you experience one or more of the following side effects?</TranslatedText></Question>
		<CodeListRef CodeListOID="health_side_effects___1.choices"/>
	</ItemDef>
	<ItemDef OID="health_side_effects___2" Name="health_side_effects___2" DataType="boolean" Length="1" redcap:Variable="health_side_effects" redcap:FieldType="checkbox" redcap:CustomAlignment="RH">
		<Question><TranslatedText>Do you experience one or more of the following side effects?</TranslatedText></Question>
		<CodeListRef CodeListOID="health_side_effects___2.choices"/>
	</ItemDef>
	<ItemDef OID="health_side_effects___3" Name="health_side_effects___3" DataType="boolean" Length="1" redcap:Variable="health_side_effects" redcap:FieldType="checkbox" redcap:CustomAlignment="RH">
		<Question><TranslatedText>Do you experience one or more of the following side effects?</TranslatedText></Question>
		<CodeListRef CodeListOID="health_side_effects___3.choices"/>
	</ItemDef>
	<ItemDef OID="health_side_effects___4" Name="health_side_effects___4" DataType="boolean" Length="1" redcap:Variable="health_side_effects" redcap:FieldType="checkbox" redcap:CustomAlignment="RH">
		<Question><TranslatedText>Do you experience one or more of the following side effects?</TranslatedText></Question>
		<CodeListRef CodeListOID="health_side_effects___4.choices"/>
	</ItemDef>
	<ItemDef OID="health_side_effects___5" Name="health_side_effects___5" DataType="boolean" Length="1" redcap:Variable="health_side_effects" redcap:FieldType="checkbox" redcap:CustomAlignment="RH">
		<Question><TranslatedText>Do you experience one or more of the following side effects?</TranslatedText></Question>
		<CodeListRef CodeListOID="health_side_effects___5.choices"/>
	</ItemDef>
	<ItemDef OID="health_assessment_form_complete" Name="health_assessment_form_complete" DataType="text" Length="1" redcap:Variable="health_assessment_form_complete" redcap:FieldType="select" redcap:SectionHeader="Form Status">
		<Question><TranslatedText>Complete?</TranslatedText></Question>
		<CodeListRef CodeListOID="health_assessment_form_complete.choices"/>
	</ItemDef>
	<CodeList OID="patient_information_complete.choices" Name="patient_information_complete" DataType="text" redcap:Variable="patient_information_complete">
		<CodeListItem CodedValue="0"><Decode><TranslatedText>Incomplete</TranslatedText></Decode></CodeListItem>
		<CodeListItem CodedValue="1"><Decode><TranslatedText>Unverified</TranslatedText></Decode></CodeListItem>
		<CodeListItem CodedValue="2"><Decode><TranslatedText>Complete</TranslatedText></Decode></CodeListItem>
	</CodeList>
	<CodeList OID="visit_nausea.choices" Name="visit_nausea" DataType="text" redcap:Variable="visit_nausea">
		<CodeListItem CodedValue="1"><Decode><TranslatedText>No symptoms</TranslatedText></Decode></CodeListItem>
		<CodeListItem CodedValue="2"><Decode><TranslatedText>Light severity</TranslatedText></Decode></CodeListItem>
		<CodeListItem CodedValue="3"><Decode><TranslatedText>Intermediate severity</TranslatedText></Decode></CodeListItem>
		<CodeListItem CodedValue="4"><Decode><TranslatedText>High severity</TranslatedText></Decode></CodeListItem>
		<CodeListItem CodedValue="5"><Decode><TranslatedText>Extremely high severity</TranslatedText></Decode></CodeListItem>
	</CodeList>
	<CodeList OID="visit_headache.choices" Name="visit_headache" DataType="text" redcap:Variable="visit_headache">
		<CodeListItem CodedValue="1"><Decode><TranslatedText>No symptoms</TranslatedText></Decode></CodeListItem>
		<CodeListItem CodedValue="2"><Decode><TranslatedText>Light severity</TranslatedText></Decode></CodeListItem>
		<CodeListItem CodedValue="3"><Decode><TranslatedText>Intermediate severity</TranslatedText></Decode></CodeListItem>
		<CodeListItem CodedValue="4"><Decode><TranslatedText>High severity</TranslatedText></Decode></CodeListItem>
		<CodeListItem CodedValue="5"><Decode><TranslatedText>Extremely high severity</TranslatedText></Decode></CodeListItem>
	</CodeList>
	<CodeList OID="visit_stomach_ache.choices" Name="visit_stomach_ache" DataType="text" redcap:Variable="visit_stomach_ache">
		<CodeListItem CodedValue="1"><Decode><TranslatedText>No symptoms</TranslatedText></Decode></CodeListItem>
		<CodeListItem CodedValue="2"><Decode><TranslatedText>Light severity</TranslatedText></Decode></CodeListItem>
		<CodeListItem CodedValue="3"><Decode><TranslatedText>Intermediate severity</TranslatedText></Decode></CodeListItem>
		<CodeListItem CodedValue="4"><Decode><TranslatedText>High severity</TranslatedText></Decode></CodeListItem>
		<CodeListItem CodedValue="5"><Decode><TranslatedText>Extremely high severity</TranslatedText></Decode></CodeListItem>
	</CodeList>
	<CodeList OID="visit_musche_sore.choices" Name="visit_musche_sore" DataType="text" redcap:Variable="visit_musche_sore">
		<CodeListItem CodedValue="1"><Decode><TranslatedText>No symptoms</TranslatedText></Decode></CodeListItem>
		<CodeListItem CodedValue="2"><Decode><TranslatedText>Light severity</TranslatedText></Decode></CodeListItem>
		<CodeListItem CodedValue="3"><Decode><TranslatedText>Intermediate severity</TranslatedText></Decode></CodeListItem>
		<CodeListItem CodedValue="4"><Decode><TranslatedText>High severity</TranslatedText></Decode></CodeListItem>
		<CodeListItem CodedValue="5"><Decode><TranslatedText>Extremely high severity</TranslatedText></Decode></CodeListItem>
	</CodeList>
	<CodeList OID="visit_muscle_stiff.choices" Name="visit_muscle_stiff" DataType="text" redcap:Variable="visit_muscle_stiff">
		<CodeListItem CodedValue="1"><Decode><TranslatedText>No symptoms</TranslatedText></Decode></CodeListItem>
		<CodeListItem CodedValue="2"><Decode><TranslatedText>Light severity</TranslatedText></Decode></CodeListItem>
		<CodeListItem CodedValue="3"><Decode><TranslatedText>Intermediate severity</TranslatedText></Decode></CodeListItem>
		<CodeListItem CodedValue="4"><Decode><TranslatedText>High severity</TranslatedText></Decode></CodeListItem>
		<CodeListItem CodedValue="5"><Decode><TranslatedText>Extremely high severity</TranslatedText></Decode></CodeListItem>
	</CodeList>
	<CodeList OID="visit_fever.choices" Name="visit_fever" DataType="text" redcap:Variable="visit_fever">
		<CodeListItem CodedValue="1"><Decode><TranslatedText>No symptoms</TranslatedText></Decode></CodeListItem>
		<CodeListItem CodedValue="2"><Decode><TranslatedText>Light severity</TranslatedText></Decode></CodeListItem>
		<CodeListItem CodedValue="3"><Decode><TranslatedText>Intermediate severity</TranslatedText></Decode></CodeListItem>
		<CodeListItem CodedValue="4"><Decode><TranslatedText>High severity</TranslatedText></Decode></CodeListItem>
		<CodeListItem CodedValue="5"><Decode><TranslatedText>Extremely high severity</TranslatedText></Decode></CodeListItem>
	</CodeList>
	<CodeList OID="visit_prescr_medicine.choices" Name="visit_prescr_medicine" DataType="text" redcap:Variable="visit_prescr_medicine">
		<CodeListItem CodedValue="1"><Decode><TranslatedText>Paracetamol</TranslatedText></Decode></CodeListItem>
		<CodeListItem CodedValue="2"><Decode><TranslatedText>Dafalgan</TranslatedText></Decode></CodeListItem>
		<CodeListItem CodedValue="3"><Decode><TranslatedText>Immodium</TranslatedText></Decode></CodeListItem>
		<CodeListItem CodedValue="4"><Decode><TranslatedText>Motilium</TranslatedText></Decode></CodeListItem>
		<CodeListItem CodedValue="5"><Decode><TranslatedText>Other. If so, please specify: {visit_prescr_other}</TranslatedText></Decode></CodeListItem>
	</CodeList>
	<CodeList OID="doctor_visit_form_complete.choices" Name="doctor_visit_form_complete" DataType="text" redcap:Variable="doctor_visit_form_complete">
		<CodeListItem CodedValue="0"><Decode><TranslatedText>Incomplete</TranslatedText></Decode></CodeListItem>
		<CodeListItem CodedValue="1"><Decode><TranslatedText>Unverified</TranslatedText></Decode></CodeListItem>
		<CodeListItem CodedValue="2"><Decode><TranslatedText>Complete</TranslatedText></Decode></CodeListItem>
	</CodeList>
	<CodeList OID="health_medicine_effect.choices" Name="health_medicine_effect" DataType="boolean" redcap:Variable="health_medicine_effect">
		<CodeListItem CodedValue="1"><Decode><TranslatedText>Yes</TranslatedText></Decode></CodeListItem>
		<CodeListItem CodedValue="0"><Decode><TranslatedText>No</TranslatedText></Decode></CodeListItem>
	</CodeList>
	<CodeList OID="health_side_effects___1.choices" Name="health_side_effects___1" DataType="boolean" redcap:Variable="health_side_effects" redcap:CheckboxChoices="1, Dizziness | 2, Light-headedness | 3, Distracted | 4, Strong thirst | 5, Moodiness">
		<CodeListItem CodedValue="1"><Decode><TranslatedText>Checked</TranslatedText></Decode></CodeListItem>
		<CodeListItem CodedValue="0"><Decode><TranslatedText>Unchecked</TranslatedText></Decode></CodeListItem>
	</CodeList>
	<CodeList OID="health_side_effects___2.choices" Name="health_side_effects___2" DataType="boolean" redcap:Variable="health_side_effects" redcap:CheckboxChoices="1, Dizziness | 2, Light-headedness | 3, Distracted | 4, Strong thirst | 5, Moodiness">
		<CodeListItem CodedValue="1"><Decode><TranslatedText>Checked</TranslatedText></Decode></CodeListItem>
		<CodeListItem CodedValue="0"><Decode><TranslatedText>Unchecked</TranslatedText></Decode></CodeListItem>
	</CodeList>
	<CodeList OID="health_side_effects___3.choices" Name="health_side_effects___3" DataType="boolean" redcap:Variable="health_side_effects" redcap:CheckboxChoices="1, Dizziness | 2, Light-headedness | 3, Distracted | 4, Strong thirst | 5, Moodiness">
		<CodeListItem CodedValue="1"><Decode><TranslatedText>Checked</TranslatedText></Decode></CodeListItem>
		<CodeListItem CodedValue="0"><Decode><TranslatedText>Unchecked</TranslatedText></Decode></CodeListItem>
	</CodeList>
	<CodeList OID="health_side_effects___4.choices" Name="health_side_effects___4" DataType="boolean" redcap:Variable="health_side_effects" redcap:CheckboxChoices="1, Dizziness | 2, Light-headedness | 3, Distracted | 4, Strong thirst | 5, Moodiness">
		<CodeListItem CodedValue="1"><Decode><TranslatedText>Checked</TranslatedText></Decode></CodeListItem>
		<CodeListItem CodedValue="0"><Decode><TranslatedText>Unchecked</TranslatedText></Decode></CodeListItem>
	</CodeList>
	<CodeList OID="health_side_effects___5.choices" Name="health_side_effects___5" DataType="boolean" redcap:Variable="health_side_effects" redcap:CheckboxChoices="1, Dizziness | 2, Light-headedness | 3, Distracted | 4, Strong thirst | 5, Moodiness">
		<CodeListItem CodedValue="1"><Decode><TranslatedText>Checked</TranslatedText></Decode></CodeListItem>
		<CodeListItem CodedValue="0"><Decode><TranslatedText>Unchecked</TranslatedText></Decode></CodeListItem>
	</CodeList>
	<CodeList OID="health_assessment_form_complete.choices" Name="health_assessment_form_complete" DataType="text" redcap:Variable="health_assessment_form_complete">
		<CodeListItem CodedValue="0"><Decode><TranslatedText>Incomplete</TranslatedText></Decode></CodeListItem>
		<CodeListItem CodedValue="1"><Decode><TranslatedText>Unverified</TranslatedText></Decode></CodeListItem>
		<CodeListItem CodedValue="2"><Decode><TranslatedText>Complete</TranslatedText></Decode></CodeListItem>
	</CodeList>
</MetaDataVersion>
</Study>
</ODM>